raceid;driverid;driverref;constructorid;circuitref;grid;positionorder;date;year;dob;experience;hability;constructor_experience;constructor_fiability;constructor_performance;gap_to_best_time;age;target
262;57;hakkinen;1;villeneuve;7;17;1994-06-12;1994;1968-09-28;13;66.0;32;19.0;80.0;1.438;25;17
262;84;brundle;1;villeneuve;12;26;1994-06-12;1994;1959-06-01;35;74.0;32;6.0;76.0;2.019;35;26
245;57;hakkinen;1;villeneuve;7;24;1995-06-11;1995;1968-09-28;17;72.0;34;6.0;76.0;1.249;26;24
245;87;blundell;1;villeneuve;10;15;1995-06-11;1995;1966-04-08;16;77.0;34;12.0;72.0;1.98;29;15
213;14;coulthard;1;villeneuve;5;7;1997-06-15;1997;1971-03-27;15;69.0;37;6.0;70.0;0.371;26;7
213;57;hakkinen;1;villeneuve;9;20;1997-06-15;1997;1968-09-28;25;76.0;37;19.0;79.0;0.821;28;20
115;14;coulthard;1;villeneuve;11;14;2003-06-15;2003;1971-03-27;40;77.0;46;18.0;80.0;1.495;32;14
97;8;raikkonen;1;villeneuve;8;5;2004-06-13;2004;1979-10-17;17;83.0;47;18.0;80.0;1.32;24;5
97;14;coulthard;1;villeneuve;9;6;2004-06-13;2004;1971-03-27;45;84.0;47;62.0;81.0;1.406;33;6
78;8;raikkonen;1;villeneuve;7;1;2005-06-12;2005;1979-10-17;22;78.0;49;62.0;81.0;0.706;25;1
78;31;montoya;1;villeneuve;5;20;2005-06-12;2005;1975-09-20;21;75.0;49;22.0;75.0;0.452;29;20
61;8;raikkonen;1;villeneuve;3;3;2006-06-25;2006;1979-10-17;27;83.0;51;22.0;75.0;0.547;26;3
61;31;montoya;1;villeneuve;7;18;2006-06-25;2006;1975-09-20;24;86.0;51;58.0;83.0;0.527;30;18
41;1;hamilton;1;villeneuve;1;1;2007-06-10;2007;1985-01-07;4;78.0;53;58.0;83.0;0.0;22;1
41;4;alonso;1;villeneuve;2;7;2007-06-10;2007;1981-07-29;27;91.0;53;44.0;78.0;0.036;25;7
24;1;hamilton;1;villeneuve;1;19;2008-06-08;2008;1985-01-07;9;90.0;54;44.0;78.0;0.0;23;19
24;5;kovalainen;1;villeneuve;7;9;2008-06-08;2008;1981-10-19;9;91.0;54;82.0;91.0;0.378;26;9
344;1;hamilton;1;villeneuve;1;1;2010-06-13;2010;1985-01-07;18;76.0;57;82.0;91.0;0.0;25;1
344;18;button;1;villeneuve;4;2;2010-06-13;2010;1980-01-19;49;76.0;57;47.0;74.0;0.415;30;2
847;1;hamilton;1;villeneuve;5;24;2011-06-12;2011;1985-01-07;23;87.0;59;47.0;74.0;0.551;26;24
847;18;button;1;villeneuve;7;1;2011-06-12;2011;1980-01-19;53;85.0;59;68.0;84.0;0.824;31;1
866;1;hamilton;1;villeneuve;2;1;2012-06-10;2012;1985-01-07;28;83.0;61;68.0;84.0;0.303;27;1
866;18;button;1;villeneuve;10;16;2012-06-10;2012;1980-01-19;59;86.0;61;74.0;87.0;0.896;32;16
886;18;button;1;villeneuve;14;12;2013-06-09;2013;1980-01-19;63;88.0;63;74.0;87.0;1.703;33;12
886;815;perez;1;villeneuve;12;11;2013-06-09;2013;1990-01-26;14;80.0;63;45.0;80.0;1.858;23;11
906;18;button;1;villeneuve;9;4;2014-06-08;2014;1980-01-19;68;68.0;64;45.0;80.0;1.308;34;4
906;825;kevin_magnussen;1;villeneuve;12;9;2014-06-08;2014;1992-10-05;5;75.0;64;63.0;74.0;1.436;21;9
932;4;alonso;1;villeneuve;13;20;2015-06-07;2015;1981-07-29;65;76.0;66;63.0;74.0;1.883;33;20
954;4;alonso;1;villeneuve;10;11;2016-06-12;2016;1981-07-29;70;79.0;68;53.0;77.0;1.448;34;11
954;18;button;1;villeneuve;12;22;2016-06-12;2016;1980-01-19;79;61.0;68;16.0;61.0;1.625;36;22
975;4;alonso;1;villeneuve;12;16;2017-06-11;2017;1981-07-29;75;62.0;70;16.0;61.0;2.21;35;16
975;838;vandoorne;1;villeneuve;16;14;2017-06-11;2017;1992-03-26;5;70.0;70;14.0;68.0;2.723;25;14
995;4;alonso;1;villeneuve;14;18;2018-06-10;2018;1981-07-29;80;72.0;72;14.0;68.0;2.092;36;18
995;838;vandoorne;1;villeneuve;15;16;2018-06-10;2018;1992-03-26;10;66.0;72;10.0;64.0;2.101;26;16
1016;832;sainz;1;villeneuve;11;11;2019-06-09;2019;1994-09-01;26;64.0;74;10.0;64.0;1.332;24;11
1016;846;norris;1;villeneuve;8;20;2019-06-09;2019;1999-11-13;5;74.0;74;19.0;66.0;1.495;19;20
1082;817;ricciardo;1;villeneuve;9;11;2022-06-19;2022;1989-07-01;59;73.0;79;19.0;66.0;2.45;32;11
1082;846;norris;1;villeneuve;14;15;2022-06-19;2022;1999-11-13;21;77.0;79;55.0;80.0;12.767;22;15
1106;846;norris;1;villeneuve;7;13;2023-06-18;2023;1999-11-13;26;82.0;81;55.0;80.0;0.622;23;13
1106;857;piastri;1;villeneuve;8;11;2023-06-18;2023;2001-04-06;5;78.0;81;59.0;74.0;0.934;22;11
1129;846;norris;1;villeneuve;3;2;2024-06-09;2024;1999-11-13;29;73.0;83;59.0;74.0;0.279;24;2
1129;857;piastri;1;villeneuve;4;5;2024-06-09;2024;2001-04-06;8;80.0;83;64.0;76.0;0.361;23;5
61;35;villeneuve;2;villeneuve;11;16;2006-06-25;2006;1971-04-09;42;73.0;2;33.0;72.0;1.106;35;16
41;2;heidfeld;2;villeneuve;3;2;2007-06-10;2007;1977-05-10;34;69.0;2;33.0;72.0;0.474;30;2
41;9;kubica;2;villeneuve;8;17;2007-06-10;2007;1984-12-07;5;74.0;2;33.0;72.0;0.882;22;17
24;2;heidfeld;2;villeneuve;8;2;2008-06-08;2008;1977-05-10;38;74.0;3;33.0;72.0;0.872;31;2
24;9;kubica;2;villeneuve;2;1;2008-06-08;2008;1984-12-07;10;84.0;3;59.0;82.0;0.562;23;1
262;14;coulthard;3;villeneuve;5;5;1994-06-12;1994;1971-03-27;2;77.0;24;50.0;88.0;1.033;23;5
262;71;damon_hill;3;villeneuve;4;2;1994-06-12;1994;1960-09-17;10;81.0;24;38.0;90.0;0.916;33;2
245;14;coulthard;3;villeneuve;3;22;1995-06-11;1995;1971-03-27;6;87.0;26;38.0;90.0;0.43;24;22
245;71;damon_hill;3;villeneuve;2;14;1995-06-11;1995;1960-09-17;14;81.0;26;19.0;84.0;0.378;34;14
213;35;villeneuve;3;villeneuve;2;19;1997-06-15;1997;1971-04-09;8;85.0;29;35.0;83.0;0.013;26;19
213;49;frentzen;3;villeneuve;4;4;1997-06-15;1997;1967-05-18;17;89.0;29;56.0;90.0;0.369;30;4
115;23;ralf_schumacher;3;villeneuve;1;2;2003-06-15;2003;1975-06-30;29;76.0;38;24.0;79.0;0.0;27;2
115;31;montoya;3;villeneuve;2;3;2003-06-15;2003;1975-09-20;13;85.0;38;41.0;86.0;0.394;27;3
97;23;ralf_schumacher;3;villeneuve;1;17;2004-06-13;2004;1975-06-30;32;86.0;40;41.0;86.0;0.0;28;17
97;31;montoya;3;villeneuve;4;18;2004-06-13;2004;1975-09-20;17;83.0;40;69.0;85.0;0.797;28;18
78;2;heidfeld;3;villeneuve;13;14;2005-06-12;2005;1977-05-10;25;86.0;41;69.0;85.0;1.864;28;14
78;17;webber;3;villeneuve;14;5;2005-06-12;2005;1976-08-27;18;62.0;41;50.0;80.0;2.532;28;5
61;3;rosberg;3;villeneuve;6;21;2006-06-25;2006;1985-06-27;4;71.0;43;50.0;80.0;0.543;20;21
61;17;webber;3;villeneuve;16;12;2006-06-25;2006;1976-08-27;22;63.0;43;26.0;73.0;2.259;29;12
41;3;rosberg;3;villeneuve;7;10;2007-06-10;2007;1985-06-27;9;76.0;45;26.0;73.0;0.704;21;10
41;25;wurz;3;villeneuve;19;3;2007-06-10;2007;1974-02-15;17;63.0;45;17.0;64.0;2.603;33;3
24;3;rosberg;3;villeneuve;5;10;2008-06-08;2008;1985-06-27;13;88.0;46;17.0;64.0;0.982;22;10
24;6;nakajima;3;villeneuve;12;15;2008-06-08;2008;1985-01-11;5;73.0;46;12.0;69.0;0.729;23;15
344;22;barrichello;3;villeneuve;11;14;2010-06-13;2010;1972-05-23;78;65.0;49;12.0;69.0;1.329;38;14
344;807;hulkenberg;3;villeneuve;12;13;2010-06-13;2010;1987-08-19;5;87.0;49;59.0;73.0;1.333;22;13
847;22;barrichello;3;villeneuve;16;9;2011-06-12;2011;1972-05-23;83;67.0;51;59.0;73.0;2.317;39;9
847;813;maldonado;3;villeneuve;12;19;2011-06-12;2011;1985-03-09;5;73.0;51;32.0;70.0;2.029;26;19
866;811;bruno_senna;3;villeneuve;16;17;2012-06-10;2012;1983-10-15;12;59.0;53;32.0;70.0;1.211;28;17
866;813;maldonado;3;villeneuve;22;13;2012-06-10;2012;1985-03-09;10;67.0;53;5.0;61.0;1.195;27;13
886;813;maldonado;3;villeneuve;13;16;2013-06-09;2013;1985-03-09;15;59.0;55;5.0;61.0;2.458;28;16
886;822;bottas;3;villeneuve;3;14;2013-06-09;2013;1989-08-28;5;67.0;55;45.0;66.0;1.128;23;14
906;13;massa;3;villeneuve;5;12;2014-06-08;2014;1981-04-25;54;63.0;56;45.0;66.0;0.704;33;12
906;822;bottas;3;villeneuve;4;7;2014-06-08;2014;1989-08-28;9;78.0;56;32.0;62.0;0.676;24;7
932;13;massa;3;villeneuve;15;6;2015-06-07;2015;1981-04-25;59;63.0;58;32.0;62.0;3.493;34;6
932;822;bottas;3;villeneuve;4;3;2015-06-07;2015;1989-08-28;14;78.0;58;58.0;81.0;0.709;25;3
954;13;massa;3;villeneuve;8;20;2016-06-12;2016;1981-04-25;64;84.0;60;58.0;81.0;0.957;35;20
954;822;bottas;3;villeneuve;7;3;2016-06-12;2016;1989-08-28;20;79.0;60;47.0;80.0;0.858;26;3
975;13;massa;3;villeneuve;7;19;2017-06-11;2017;1981-04-25;69;81.0;62;47.0;80.0;1.399;36;19
975;840;stroll;3;villeneuve;17;9;2017-06-11;2017;1998-10-29;5;72.0;62;43.0;74.0;2.75;18;9
995;840;stroll;3;villeneuve;17;20;2018-06-10;2018;1998-10-29;10;66.0;64;43.0;74.0;2.826;19;20
995;845;sirotkin;3;villeneuve;18;17;2018-06-10;2018;1995-08-27;5;66.0;64;15.0;70.0;2.879;22;17
1016;9;kubica;3;villeneuve;19;18;2019-06-09;2019;1984-12-07;25;59.0;66;15.0;70.0;4.153;34;18
1016;847;russell;3;villeneuve;18;16;2019-06-09;2019;1998-02-15;5;80.0;66;10.0;60.0;3.377;21;16
1082;848;albon;3;villeneuve;12;13;2022-06-19;2022;1996-03-23;15;58.0;71;10.0;60.0;5.559;26;13
1082;849;latifi;3;villeneuve;18;16;2022-06-19;2022;1995-06-29;15;80.0;71;18.0;63.0;14.361;26;16
1106;848;albon;3;villeneuve;9;7;2023-06-18;2023;1996-03-23;20;60.0;73;18.0;63.0;0.0;27;7
1106;858;sargeant;3;villeneuve;18;20;2023-06-18;2023;2000-12-31;5;63.0;73;23.0;60.0;4.612;22;20
1129;848;albon;3;villeneuve;10;17;2024-06-09;2024;1996-03-23;24;59.0;75;23.0;60.0;0.743;28;17
1129;858;sargeant;3;villeneuve;13;20;2024-06-09;2024;2000-12-31;8;69.0;75;41.0;64.0;0.994;23;20
115;4;alonso;4;villeneuve;4;4;2003-06-15;2003;1981-07-29;8;63.0;13;7.0;68.0;0.519;21;4
115;15;trulli;4;villeneuve;8;16;2003-06-15;2003;1974-07-13;29;56.0;13;6.0;73.0;1.189;28;16
97;4;alonso;4;villeneuve;5;13;2004-06-13;2004;1981-07-29;13;74.0;14;6.0;73.0;1.033;22;13
97;15;trulli;4;villeneuve;3;16;2004-06-13;2004;1974-07-13;33;79.0;14;31.0;78.0;0.748;29;16
78;4;alonso;4;villeneuve;3;17;2005-06-12;2005;1981-07-29;18;77.0;16;31.0;78.0;0.344;23;17
78;21;fisichella;4;villeneuve;4;18;2005-06-12;2005;1973-01-14;41;81.0;16;50.0;80.0;0.36;32;18
61;4;alonso;4;villeneuve;1;1;2006-06-25;2006;1981-07-29;22;74.0;18;50.0;80.0;0.0;24;1
61;21;fisichella;4;villeneuve;2;4;2006-06-25;2006;1973-01-14;46;90.0;18;63.0;86.0;0.452;33;4
41;5;kovalainen;4;villeneuve;22;4;2007-06-10;2007;1981-10-19;4;81.0;20;63.0;86.0;2.32;25;4
41;21;fisichella;4;villeneuve;9;22;2007-06-10;2007;1973-01-14;50;76.0;20;83.0;87.0;0.802;34;22
24;4;alonso;4;villeneuve;4;16;2008-06-08;2008;1981-07-29;31;85.0;21;83.0;87.0;0.506;26;16
24;12;piquet_jr;4;villeneuve;15;17;2008-06-08;2008;1985-07-25;4;91.0;21;35.0;74.0;1.484;22;17
344;9;kubica;4;villeneuve;8;7;2010-06-13;2010;1984-12-07;19;66.0;24;35.0;74.0;0.577;25;7
344;808;petrov;4;villeneuve;14;17;2010-06-13;2010;1984-09-08;5;71.0;24;18.0;69.0;1.464;25;17
847;2;heidfeld;4;villeneuve;9;20;2011-06-12;2011;1977-05-10;47;65.0;26;18.0;69.0;1.048;34;20
847;808;petrov;4;villeneuve;10;5;2011-06-12;2011;1984-09-08;9;67.0;26;32.0;72.0;1.071;26;5
954;835;jolyon_palmer;4;villeneuve;16;21;2016-06-12;2016;1991-01-20;5;56.0;28;37.0;69.0;2.647;25;21
975;807;hulkenberg;4;villeneuve;10;8;2017-06-11;2017;1987-08-19;35;58.0;30;37.0;69.0;1.812;29;8
975;835;jolyon_palmer;4;villeneuve;15;11;2017-06-11;2017;1991-01-20;9;74.0;30;10.0;58.0;2.531;26;11
995;807;hulkenberg;4;villeneuve;7;7;2018-06-10;2018;1987-08-19;40;58.0;32;10.0;58.0;1.152;30;7
995;832;sainz;4;villeneuve;9;8;2018-06-10;2018;1994-09-01;20;71.0;32;5.0;68.0;1.333;23;8
1016;807;hulkenberg;4;villeneuve;7;7;2019-06-09;2019;1987-08-19;46;69.0;33;5.0;68.0;1.084;31;7
1016;817;ricciardo;4;villeneuve;4;6;2019-06-09;2019;1989-07-01;43;70.0;33;33.0;72.0;0.831;29;6
61;26;speed;5;villeneuve;17;10;2006-06-25;2006;1983-01-24;4;68.0;2;6.0;63.0;2.29;23;10
41;24;liuzzi;5;villeneuve;12;14;2007-06-10;2007;1980-08-06;10;62.0;2;6.0;63.0;1.274;26;14
41;26;speed;5;villeneuve;16;19;2007-06-10;2007;1983-01-24;7;63.0;2;6.0;63.0;1.947;24;19
24;7;bourdais;5;villeneuve;18;13;2008-06-08;2008;1979-02-28;4;62.0;3;6.0;63.0;2.007;29;13
344;67;buemi;5;villeneuve;15;8;2010-06-13;2010;1988-10-31;9;62.0;6;12.0;58.0;1.823;21;8
344;153;alguersuari;5;villeneuve;16;12;2010-06-13;2010;1990-03-23;7;63.0;6;12.0;61.0;1.922;20;12
847;67;buemi;5;villeneuve;15;10;2011-06-12;2011;1988-10-31;14;57.0;8;12.0;61.0;2.32;22;10
847;153;alguersuari;5;villeneuve;24;8;2011-06-12;2011;1990-03-23;12;63.0;8;32.0;64.0;3.28;21;8
866;817;ricciardo;5;villeneuve;14;14;2012-06-10;2012;1989-07-01;8;64.0;10;32.0;64.0;1.294;22;14
866;818;vergne;5;villeneuve;19;15;2012-06-10;2012;1990-04-25;5;47.0;10;16.0;64.0;2.818;22;15
886;817;ricciardo;5;villeneuve;11;15;2013-06-09;2013;1989-07-01;13;60.0;12;16.0;64.0;2.452;23;15
886;818;vergne;5;villeneuve;7;6;2013-06-09;2013;1990-04-25;10;66.0;12;45.0;63.0;1.841;23;6
906;818;vergne;5;villeneuve;8;8;2014-06-08;2014;1990-04-25;15;60.0;13;45.0;63.0;1.288;24;8
906;826;kvyat;5;villeneuve;15;16;2014-06-08;2014;1994-04-26;5;64.0;13;21.0;66.0;1.839;20;16
932;830;max_verstappen;5;villeneuve;19;15;2015-06-07;2015;1997-09-30;5;68.0;15;21.0;66.0;1.852;17;15
932;832;sainz;5;villeneuve;11;12;2015-06-07;2015;1994-09-01;5;71.0;15;21.0;68.0;1.649;20;12
954;826;kvyat;5;villeneuve;15;12;2016-06-12;2016;1994-04-26;15;69.0;17;21.0;68.0;1.645;22;12
954;832;sainz;5;villeneuve;20;9;2016-06-12;2016;1994-09-01;10;76.0;17;21.0;70.0;1.902;21;9
975;826;kvyat;5;villeneuve;11;17;2017-06-11;2017;1994-04-26;19;69.0;19;21.0;70.0;2.231;23;17
975;832;sainz;5;villeneuve;13;20;2017-06-11;2017;1994-09-01;15;65.0;19;19.0;67.0;2.297;22;20
995;842;gasly;5;villeneuve;16;11;2018-06-10;2018;1996-02-07;6;69.0;21;19.0;67.0;2.283;22;11
995;843;brendon_hartley;5;villeneuve;12;19;2018-06-10;2018;1989-11-10;6;62.0;21;10.0;66.0;1.823;28;19
1016;826;kvyat;5;villeneuve;10;10;2019-06-09;2019;1994-04-26;24;57.0;23;10.0;66.0;1.681;25;10
1016;848;albon;5;villeneuve;13;19;2019-06-09;2019;1996-03-23;5;67.0;23;5.0;64.0;1.78;23;19
262;55;alesi;6;villeneuve;2;3;1994-06-12;1994;1964-06-11;22;80.0;48;0.0;68.0;0.099;30;3
262;77;berger;6;villeneuve;3;4;1994-06-12;1994;1959-08-27;41;72.0;48;12.0;71.0;0.881;34;4
245;55;alesi;6;villeneuve;5;1;1995-06-11;1995;1964-06-11;26;70.0;49;12.0;71.0;0.813;31;1
245;77;berger;6;villeneuve;4;11;1995-06-11;1995;1959-08-27;46;77.0;49;6.0;77.0;0.528;35;11
213;30;michael_schumacher;6;villeneuve;1;1;1997-06-15;1997;1969-01-03;26;73.0;53;12.0;80.0;0.0;28;1
213;56;irvine;6;villeneuve;12;21;1997-06-15;1997;1965-11-10;16;85.0;53;12.0;79.0;1.408;31;21
115;22;barrichello;6;villeneuve;5;5;2003-06-15;2003;1972-05-23;46;93.0;62;65.0;89.0;0.614;31;5
115;30;michael_schumacher;6;villeneuve;3;1;2003-06-15;2003;1969-01-03;50;86.0;62;65.0;91.0;0.518;34;1
97;22;barrichello;6;villeneuve;7;2;2004-06-13;2004;1972-05-23;51;96.0;63;65.0;91.0;1.287;32;2
97;30;michael_schumacher;6;villeneuve;6;1;2004-06-13;2004;1969-01-03;54;84.0;63;62.0;86.0;1.08;35;1
78;30;michael_schumacher;6;villeneuve;2;2;2005-06-12;2005;1969-01-03;59;89.0;65;83.0;90.0;0.258;36;2
61;13;massa;6;villeneuve;10;5;2006-06-25;2006;1981-04-25;18;92.0;67;83.0;90.0;0.829;25;5
61;30;michael_schumacher;6;villeneuve;5;2;2006-06-25;2006;1969-01-03;64;71.0;67;47.0;77.0;0.413;37;2
41;8;raikkonen;6;villeneuve;4;5;2007-06-10;2007;1979-10-17;31;78.0;68;47.0;77.0;0.925;27;5
41;13;massa;6;villeneuve;5;21;2007-06-10;2007;1981-04-25;22;80.0;68;78.0;86.0;0.652;26;21
24;8;raikkonen;6;villeneuve;3;18;2008-06-08;2008;1979-10-17;36;84.0;70;78.0;86.0;0.392;28;18
24;13;massa;6;villeneuve;6;5;2008-06-08;2008;1981-04-25;27;90.0;70;71.0;88.0;0.322;27;5
344;4;alonso;6;villeneuve;3;3;2010-06-13;2010;1981-07-29;40;87.0;73;71.0;88.0;0.33;28;3
344;13;massa;6;villeneuve;6;15;2010-06-13;2010;1981-04-25;34;76.0;73;47.0;75.0;0.583;29;15
847;4;alonso;6;villeneuve;2;22;2011-06-12;2011;1981-07-29;45;77.0;75;47.0;75.0;0.185;29;22
847;13;massa;6;villeneuve;3;6;2011-06-12;2011;1981-04-25;39;86.0;75;84.0;83.0;0.203;30;6
866;4;alonso;6;villeneuve;3;5;2012-06-10;2012;1981-07-29;50;80.0;77;84.0;83.0;0.367;30;5
866;13;massa;6;villeneuve;6;10;2012-06-10;2012;1981-04-25;44;88.0;77;79.0;85.0;0.681;31;10
886;4;alonso;6;villeneuve;6;2;2013-06-09;2013;1981-07-29;55;81.0;78;79.0;85.0;0.906;31;2
886;13;massa;6;villeneuve;16;8;2013-06-09;2013;1981-04-25;49;86.0;78;75.0;81.0;1.417;32;8
906;4;alonso;6;villeneuve;7;6;2014-06-08;2014;1981-07-29;60;77.0;80;75.0;81.0;0.94;32;6
906;8;raikkonen;6;villeneuve;10;10;2014-06-08;2014;1979-10-17;54;86.0;80;84.0;82.0;1.34;34;10
932;8;raikkonen;6;villeneuve;3;4;2015-06-07;2015;1979-10-17;59;81.0;82;84.0;82.0;0.621;35;4
932;20;vettel;6;villeneuve;18;5;2015-06-07;2015;1987-07-03;40;75.0;82;58.0;79.0;2.951;27;5
954;8;raikkonen;6;villeneuve;6;6;2016-06-12;2016;1979-10-17;64;81.0;84;58.0;79.0;0.767;36;6
954;20;vettel;6;villeneuve;3;2;2016-06-12;2016;1987-07-03;46;80.0;84;63.0;84.0;0.178;28;2
975;8;raikkonen;6;villeneuve;4;7;2017-06-11;2017;1979-10-17;70;88.0;86;63.0;84.0;0.793;37;7
975;20;vettel;6;villeneuve;2;4;2017-06-11;2017;1987-07-03;51;83.0;86;67.0;83.0;0.33;29;4
995;8;raikkonen;6;villeneuve;5;6;2018-06-10;2018;1979-10-17;75;83.0;87;67.0;83.0;0.331;38;6
995;20;vettel;6;villeneuve;1;1;2018-06-10;2018;1987-07-03;56;86.0;87;80.0;88.0;0.0;30;1
1016;20;vettel;6;villeneuve;1;2;2019-06-09;2019;1987-07-03;61;90.0;89;80.0;88.0;0.0;31;2
1016;844;leclerc;6;villeneuve;3;3;2019-06-09;2019;1997-10-16;10;91.0;89;81.0;89.0;0.68;21;3
1082;832;sainz;6;villeneuve;3;2;2022-06-19;2022;1994-09-01;41;68.0;95;81.0;89.0;0.797;27;2
1082;844;leclerc;6;villeneuve;19;5;2022-06-19;2022;1997-10-16;26;82.0;95;68.0;82.0;11.709;24;5
1106;832;sainz;6;villeneuve;11;5;2023-06-18;2023;1994-09-01;47;82.0;97;68.0;82.0;1.131;28;5
1106;844;leclerc;6;villeneuve;10;4;2023-06-18;2023;1997-10-16;32;83.0;97;73.0;85.0;1.89;25;4
1129;832;sainz;6;villeneuve;12;16;2024-06-09;2024;1994-09-01;50;87.0;99;73.0;85.0;0.986;29;16
1129;844;leclerc;6;villeneuve;11;19;2024-06-09;2024;1997-10-16;35;83.0;99;68.0;82.0;0.949;26;19
115;43;matta;7;villeneuve;9;11;2003-06-15;2003;1973-09-19;4;60.0;1;6.0;64.0;1.297;29;11
115;44;panis;7;villeneuve;7;8;2003-06-15;2003;1966-09-02;36;72.0;1;6.0;64.0;1.069;36;8
97;43;matta;7;villeneuve;12;19;2004-06-13;2004;1973-09-19;7;65.0;3;6.0;64.0;2.576;30;19
97;44;panis;7;villeneuve;13;20;2004-06-13;2004;1966-09-02;40;72.0;3;12.0;71.0;2.616;37;20
78;15;trulli;7;villeneuve;9;12;2005-06-12;2005;1974-07-13;38;70.0;5;12.0;71.0;0.984;30;12
78;23;ralf_schumacher;7;villeneuve;10;6;2005-06-12;2005;1975-06-30;37;80.0;5;6.0;67.0;1.145;29;6
61;15;trulli;7;villeneuve;4;6;2006-06-25;2006;1974-07-13;42;77.0;6;6.0;67.0;0.78;31;6
61;23;ralf_schumacher;7;villeneuve;14;17;2006-06-25;2006;1975-06-30;41;81.0;6;47.0;80.0;1.162;30;17
41;15;trulli;7;villeneuve;10;13;2007-06-10;2007;1974-07-13;47;80.0;8;47.0;80.0;1.114;32;13
41;23;ralf_schumacher;7;villeneuve;18;8;2007-06-10;2007;1975-06-30;46;70.0;8;17.0;71.0;2.148;31;8
24;10;glock;7;villeneuve;11;4;2008-06-08;2008;1982-03-18;5;72.0;10;17.0;71.0;1.122;26;4
24;15;trulli;7;villeneuve;14;6;2008-06-08;2008;1974-07-13;51;63.0;10;12.0;69.0;1.13;33;6
61;36;montagny;8;villeneuve;21;20;2006-06-25;2006;1978-01-05;2;67.0;2;6.0;53.0;4.426;28;20
41;11;sato;8;villeneuve;11;6;2007-06-10;2007;1977-01-28;22;50.0;2;6.0;53.0;1.257;30;6
41;19;davidson;8;villeneuve;17;11;2007-06-10;2007;1979-04-18;5;55.0;2;6.0;53.0;2.056;28;11
78;32;klien;9;villeneuve;16;8;2005-06-12;2005;1983-02-07;8;75.0;2;47.0;71.0;3.032;22;8
61;14;coulthard;9;villeneuve;22;8;2006-06-25;2006;1971-03-27;54;66.0;2;47.0;71.0;1.575;35;8
61;32;klien;9;villeneuve;12;11;2006-06-25;2006;1983-02-07;12;72.0;2;47.0;71.0;1.107;23;11
41;14;coulthard;9;villeneuve;14;16;2007-06-10;2007;1971-03-27;58;71.0;3;47.0;71.0;1.818;36;16
41;17;webber;9;villeneuve;6;9;2007-06-10;2007;1976-08-27;27;67.0;3;11.0;65.0;0.771;30;9
24;14;coulthard;9;villeneuve;13;3;2008-06-08;2008;1971-03-27;63;66.0;5;11.0;65.0;1.259;37;3
24;17;webber;9;villeneuve;10;12;2008-06-08;2008;1976-08-27;31;66.0;5;18.0;68.0;0.614;31;12
344;17;webber;9;villeneuve;7;5;2010-06-13;2010;1976-08-27;40;70.0;8;18.0;68.0;0.268;33;5
344;20;vettel;9;villeneuve;2;4;2010-06-13;2010;1987-07-03;16;82.0;8;59.0;83.0;0.315;22;4
847;17;webber;9;villeneuve;4;3;2011-06-12;2011;1976-08-27;45;85.0;10;59.0;83.0;0.415;34;3
847;20;vettel;9;villeneuve;1;2;2011-06-12;2011;1987-07-03;20;88.0;10;74.0;88.0;0.0;23;2
866;17;webber;9;villeneuve;4;7;2012-06-10;2012;1976-08-27;50;89.0;12;74.0;88.0;0.562;35;7
866;20;vettel;9;villeneuve;1;4;2012-06-10;2012;1987-07-03;26;90.0;12;95.0;92.0;0.0;24;4
886;17;webber;9;villeneuve;5;4;2013-06-09;2013;1976-08-27;55;94.0;13;95.0;92.0;0.929;36;4
886;20;vettel;9;villeneuve;1;1;2013-06-09;2013;1987-07-03;30;82.0;13;75.0;84.0;0.0;25;1
906;20;vettel;9;villeneuve;3;3;2014-06-08;2014;1987-07-03;35;87.0;15;75.0;84.0;0.674;26;3
906;817;ricciardo;9;villeneuve;6;1;2014-06-08;2014;1989-07-01;17;94.0;15;74.0;89.0;0.715;24;1
932;817;ricciardo;9;villeneuve;9;13;2015-06-07;2015;1989-07-01;22;69.0;17;74.0;89.0;1.613;25;13
932;826;kvyat;9;villeneuve;8;9;2015-06-07;2015;1994-04-26;9;84.0;17;74.0;82.0;1.498;21;9
954;817;ricciardo;9;villeneuve;4;7;2016-06-12;2016;1989-07-01;28;68.0;19;74.0;82.0;0.354;26;7
954;830;max_verstappen;9;villeneuve;5;4;2016-06-12;2016;1997-09-30;10;78.0;19;32.0;77.0;0.602;18;4
975;817;ricciardo;9;villeneuve;6;3;2017-06-11;2017;1989-07-01;33;71.0;21;32.0;77.0;1.098;27;3
975;830;max_verstappen;9;villeneuve;5;18;2017-06-11;2017;1997-09-30;15;89.0;21;81.0;86.0;0.944;19;18
995;817;ricciardo;9;villeneuve;6;4;2018-06-10;2018;1989-07-01;38;84.0;22;81.0;86.0;0.352;28;4
995;830;max_verstappen;9;villeneuve;3;3;2018-06-10;2018;1997-09-30;20;80.0;22;35.0;80.0;0.173;20;3
1016;830;max_verstappen;9;villeneuve;9;5;2019-06-09;2019;1997-09-30;26;79.0;24;35.0;80.0;1.379;21;5
1016;842;gasly;9;villeneuve;5;8;2019-06-09;2019;1996-02-07;12;83.0;24;52.0;80.0;0.839;23;8
1082;815;perez;9;villeneuve;13;20;2022-06-19;2022;1990-01-26;60;66.0;30;52.0;80.0;11.828;32;20
1082;830;max_verstappen;9;villeneuve;1;1;2022-06-19;2022;1997-09-30;41;84.0;30;73.0;87.0;0.0;24;1
1106;815;perez;9;villeneuve;12;6;2023-06-18;2023;1990-01-26;66;91.0;32;73.0;87.0;2.234;33;6
1106;830;max_verstappen;9;villeneuve;1;1;2023-06-18;2023;1997-09-30;47;87.0;32;82.0;89.0;0.367;25;1
1129;815;perez;9;villeneuve;16;18;2024-06-09;2024;1990-01-26;69;91.0;34;82.0;89.0;1.584;34;18
1129;830;max_verstappen;9;villeneuve;2;1;2024-06-09;2024;1997-09-30;50;83.0;34;86.0;89.0;0.258;26;1
24;21;fisichella;10;villeneuve;17;14;2008-06-08;2008;1973-01-14;54;53.0;2;11.0;55.0;2.256;35;14
344;16;sutil;10;villeneuve;9;10;2010-06-13;2010;1983-01-11;18;73.0;3;11.0;55.0;0.776;27;10
344;24;liuzzi;10;villeneuve;5;9;2010-06-13;2010;1980-08-06;16;63.0;3;35.0;63.0;0.543;29;9
847;16;sutil;10;villeneuve;14;21;2011-06-12;2011;1983-01-11;23;61.0;5;35.0;63.0;1.917;28;21
847;814;resta;10;villeneuve;11;18;2011-06-12;2011;1986-04-16;5;69.0;5;32.0;66.0;1.738;25;18
866;807;hulkenberg;10;villeneuve;13;12;2012-06-10;2012;1987-08-19;10;70.0;7;32.0;66.0;0.964;24;12
866;814;resta;10;villeneuve;8;11;2012-06-10;2012;1986-04-16;10;67.0;7;26.0;71.0;0.855;26;11
886;16;sutil;10;villeneuve;8;10;2013-06-09;2013;1983-01-11;28;70.0;8;26.0;71.0;2.233;30;10
886;814;resta;10;villeneuve;17;7;2013-06-09;2013;1986-04-16;15;71.0;8;70.0;71.0;2.59;27;7
906;807;hulkenberg;10;villeneuve;11;5;2014-06-08;2014;1987-08-19;19;71.0;10;70.0;71.0;1.426;26;5
906;815;perez;10;villeneuve;13;11;2014-06-08;2014;1990-01-26;19;73.0;10;47.0;67.0;1.598;24;11
932;807;hulkenberg;10;villeneuve;7;8;2015-06-07;2015;1987-08-19;24;73.0;12;47.0;67.0;1.221;27;8
932;815;perez;10;villeneuve;10;11;2015-06-07;2015;1990-01-26;24;75.0;12;53.0;73.0;1.581;25;11
954;807;hulkenberg;10;villeneuve;9;8;2016-06-12;2016;1987-08-19;30;70.0;14;53.0;73.0;1.14;28;8
954;815;perez;10;villeneuve;11;10;2016-06-12;2016;1990-01-26;29;72.0;14;21.0;74.0;1.505;26;10
975;815;perez;10;villeneuve;8;5;2017-06-11;2017;1990-01-26;35;75.0;16;21.0;74.0;1.559;27;5
975;839;ocon;10;villeneuve;9;6;2017-06-11;2017;1996-09-17;7;77.0;16;52.0;75.0;1.676;20;6
995;815;perez;10;villeneuve;10;14;2018-06-10;2018;1990-01-26;40;53.0;17;52.0;75.0;1.631;28;14
995;839;ocon;10;villeneuve;8;9;2018-06-10;2018;1996-09-17;13;78.0;17;45.0;78.0;1.32;21;9
61;22;barrichello;11;villeneuve;9;19;2006-06-25;2006;1972-05-23;60;81.0;3;8.0;75.0;0.875;34;19
41;18;button;11;villeneuve;15;20;2007-06-10;2007;1980-01-19;35;76.0;5;8.0;75.0;2.036;27;20
41;22;barrichello;11;villeneuve;13;12;2007-06-10;2007;1972-05-23;64;80.0;5;39.0;79.0;1.525;35;12
24;18;button;11;villeneuve;20;11;2008-06-08;2008;1980-01-19;39;78.0;6;39.0;79.0;6.656;28;11
24;22;barrichello;11;villeneuve;9;7;2008-06-08;2008;1972-05-23;69;65.0;6;6.0;65.0;1.111;36;7
41;27;albers;12;villeneuve;21;15;2007-06-10;2007;1979-04-16;12;53.0;1;0.0;52.0;3.71;28;15
61;33;monteiro;13;villeneuve;18;14;2006-06-25;2006;1976-07-24;9;60.0;1;7.0;58.0;2.395;29;14
262;49;frentzen;15;villeneuve;10;25;1994-06-12;1994;1967-05-18;4;64.0;1;0.0;67.0;1.799;27;25
262;110;cesaris;15;villeneuve;14;24;1994-06-12;1994;1959-05-31;54;69.0;1;0.0;67.0;2.516;35;24
245;49;frentzen;15;villeneuve;12;18;1995-06-11;1995;1967-05-18;8;53.0;3;0.0;67.0;2.356;28;18
245;96;boullion;15;villeneuve;18;20;1995-06-11;1995;1969-12-27;3;69.0;3;0.0;65.0;4.177;25;20
213;65;herbert;15;villeneuve;13;5;1997-06-15;1997;1964-06-25;29;81.0;6;0.0;68.0;1.527;32;5
213;81;morbidelli;15;villeneuve;18;10;1997-06-15;1997;1968-01-13;18;69.0;6;6.0;70.0;2.262;29;10
115;2;heidfeld;15;villeneuve;12;15;2003-06-15;2003;1977-05-10;17;70.0;15;12.0;72.0;1.557;26;15
115;49;frentzen;15;villeneuve;10;20;2003-06-15;2003;1967-05-18;40;75.0;15;6.0;72.0;1.41;36;20
97;21;fisichella;15;villeneuve;11;4;2004-06-13;2004;1973-01-14;36;70.0;17;6.0;68.0;2.399;31;4
78;13;massa;15;villeneuve;11;4;2005-06-12;2005;1981-04-25;13;65.0;18;6.0;68.0;1.444;24;4
78;35;villeneuve;15;villeneuve;8;9;2005-06-12;2005;1971-04-09;39;70.0;18;28.0;72.0;0.899;34;9
344;37;rosa;15;villeneuve;17;22;2010-06-13;2010;1971-02-24;22;72.0;20;28.0;72.0;2.279;39;22
344;155;kobayashi;15;villeneuve;18;24;2010-06-13;2010;1986-09-13;5;76.0;20;11.0;70.0;2.914;23;24
847;37;rosa;15;villeneuve;17;12;2011-06-12;2011;1971-02-24;22;76.0;22;11.0;70.0;2.573;40;12
847;155;kobayashi;15;villeneuve;13;7;2011-06-12;2011;1986-09-13;10;60.0;22;32.0;62.0;2.271;24;7
866;155;kobayashi;15;villeneuve;11;9;2012-06-10;2012;1986-09-13;15;63.0;23;32.0;62.0;0.904;25;9
866;815;perez;15;villeneuve;15;3;2012-06-10;2012;1990-01-26;9;66.0;23;21.0;65.0;1.372;22;3
886;807;hulkenberg;15;villeneuve;9;21;2013-06-09;2013;1987-08-19;15;65.0;25;21.0;65.0;1.581;25;21
886;821;gutierrez;15;villeneuve;15;20;2013-06-09;2013;1991-08-05;5;71.0;25;45.0;69.0;2.09;21;20
906;16;sutil;15;villeneuve;16;13;2014-06-08;2014;1983-01-11;32;61.0;27;45.0;69.0;2.44;31;13
932;828;ericsson;15;villeneuve;12;14;2015-06-07;2015;1990-09-02;9;61.0;29;47.0;67.0;1.869;24;14
932;831;nasr;15;villeneuve;14;16;2015-06-07;2015;1992-08-21;5;52.0;29;11.0;60.0;2.227;22;16
954;828;ericsson;15;villeneuve;21;15;2016-06-12;2016;1990-09-02;14;67.0;31;11.0;60.0;2.823;25;15
954;831;nasr;15;villeneuve;18;18;2016-06-12;2016;1992-08-21;10;66.0;31;21.0;66.0;3.851;23;18
975;828;ericsson;15;villeneuve;19;13;2017-06-11;2017;1990-09-02;19;67.0;32;21.0;66.0;3.036;26;13
975;836;wehrlein;15;villeneuve;20;15;2017-06-11;2017;1994-10-18;10;57.0;32;0.0;57.0;3.351;22;15
995;828;ericsson;15;villeneuve;19;15;2018-06-10;2018;1990-09-02;25;55.0;34;0.0;57.0;3.829;27;15
995;844;leclerc;15;villeneuve;13;10;2018-06-10;2018;1997-10-16;5;59.0;34;5.0;60.0;1.897;20;10
1129;822;bottas;15;villeneuve;0;13;2024-06-09;2024;1989-08-28;60;68.0;36;5.0;60.0;1.624;34;13
1129;855;zhou;15;villeneuve;0;15;2024-06-09;2024;1999-05-30;14;65.0;36;10.0;66.0;2.55;25;15
115;18;button;16;villeneuve;17;13;2003-06-15;2003;1980-01-19;17;70.0;6;12.0;71.0;2.676;23;13
115;35;villeneuve;16;villeneuve;14;19;2003-06-15;2003;1971-04-09;33;73.0;6;6.0;67.0;1.818;32;19
97;11;sato;16;villeneuve;20;12;2004-06-13;2004;1977-01-28;9;70.0;8;6.0;67.0;4.729;27;12
97;18;button;16;villeneuve;2;3;2004-06-13;2004;1980-01-19;21;78.0;8;25.0;70.0;0.066;24;3
78;11;sato;16;villeneuve;6;15;2005-06-12;2005;1977-01-28;13;71.0;9;25.0;70.0;0.512;28;15
78;18;button;16;villeneuve;1;13;2005-06-12;2005;1980-01-19;26;76.0;9;33.0;81.0;0.0;25;13
262;22;barrichello;17;villeneuve;6;7;1994-06-12;1994;1972-05-23;8;64.0;4;0.0;53.0;1.376;22;7
262;56;irvine;17;villeneuve;8;23;1994-06-12;1994;1965-11-10;4;61.0;4;6.0;56.0;1.602;28;23
245;22;barrichello;17;villeneuve;9;2;1995-06-11;1995;1972-05-23;12;65.0;6;6.0;56.0;1.51;23;2
245;56;irvine;17;villeneuve;8;3;1995-06-11;1995;1965-11-10;8;73.0;6;0.0;69.0;1.36;29;3
213;21;fisichella;17;villeneuve;6;3;1997-06-15;1997;1973-01-14;6;71.0;9;6.0;72.0;0.655;24;3
213;23;ralf_schumacher;17;villeneuve;7;17;1997-06-15;1997;1975-06-30;4;58.0;9;19.0;74.0;0.774;21;17
115;21;fisichella;17;villeneuve;16;17;2003-06-15;2003;1973-01-14;31;65.0;18;0.0;73.0;2.507;30;17
115;52;firman;17;villeneuve;19;18;2003-06-15;2003;1975-05-20;3;70.0;18;0.0;67.0;3.163;28;18
97;2;heidfeld;17;villeneuve;15;8;2004-06-13;2004;1977-05-10;21;61.0;20;0.0;67.0;3.046;27;8
97;10;glock;17;villeneuve;16;7;2004-06-13;2004;1982-03-18;1;70.0;20;0.0;63.0;4.048;22;7
78;33;monteiro;17;villeneuve;18;10;2005-06-12;2005;1976-07-24;5;63.0;21;0.0;63.0;3.817;28;10
78;39;karthikeyan;17;villeneuve;17;19;2005-06-12;2005;1977-01-14;5;63.0;21;0.0;61.0;3.447;28;19
262;94;martini;18;villeneuve;15;9;1994-06-12;1994;1961-04-23;29;53.0;13;0.0;57.0;2.669;33;9
262;105;alboreto;18;villeneuve;18;11;1994-06-12;1994;1956-12-23;55;59.0;13;0.0;58.0;2.725;37;11
245;69;badoer;18;villeneuve;19;8;1995-06-11;1995;1971-01-25;8;55.0;15;0.0;58.0;4.192;24;8
245;94;martini;18;villeneuve;17;12;1995-06-11;1995;1961-04-23;31;52.0;15;0.0;60.0;3.784;34;12
213;15;trulli;18;villeneuve;20;16;1997-06-15;1997;1974-07-13;3;64.0;18;0.0;61.0;2.275;22;16
213;79;katayama;18;villeneuve;22;18;1997-06-15;1997;1963-05-29;25;66.0;18;0.0;60.0;2.939;34;18
115;50;verstappen;18;villeneuve;15;9;2003-06-15;2003;1972-03-04;27;52.0;27;0.0;56.0;2.485;31;9
115;51;wilson;18;villeneuve;18;12;2003-06-15;2003;1978-07-31;4;62.0;27;0.0;57.0;3.031;24;12
97;47;baumgartner;18;villeneuve;18;10;2004-06-13;2004;1981-01-01;5;55.0;28;0.0;59.0;4.789;23;10
78;27;albers;18;villeneuve;15;11;2005-06-12;2005;1979-04-16;5;60.0;30;0.0;59.0;2.997;26;11
78;40;friesacher;18;villeneuve;19;16;2005-06-12;2005;1980-09-26;3;60.0;30;0.0;56.0;4.357;24;16
115;17;webber;19;villeneuve;6;7;2003-06-15;2003;1976-08-27;8;65.0;5;0.0;65.0;0.653;26;7
115;42;pizzonia;19;villeneuve;13;10;2003-06-15;2003;1980-09-11;3;58.0;5;0.0;64.0;1.808;22;10
97;17;webber;19;villeneuve;14;15;2004-06-13;2004;1976-08-27;13;64.0;6;0.0;64.0;2.873;27;15
97;32;klien;19;villeneuve;10;9;2004-06-13;2004;1983-02-07;4;73.0;6;6.0;69.0;2.257;21;9
213;75;nakano;20;villeneuve;19;6;1997-06-15;1997;1971-04-01;4;71.0;1;24.0;70.0;2.275;26;6
213;64;diniz;21;villeneuve;16;8;1997-06-15;1997;1970-05-22;13;64.0;18;0.0;63.0;2.08;27;8
213;71;damon_hill;21;villeneuve;15;9;1997-06-15;1997;1960-09-17;23;63.0;18;0.0;58.0;2.034;36;9
262;30;michael_schumacher;22;villeneuve;1;1;1994-06-12;1994;1969-01-03;13;86.0;12;44.0;82.0;0.0;25;1
262;109;lehto;22;villeneuve;20;6;1994-06-12;1994;1966-01-31;18;82.0;12;19.0;79.0;2.815;28;6
245;30;michael_schumacher;22;villeneuve;1;5;1995-06-11;1995;1969-01-03;17;66.0;13;19.0;79.0;0.0;26;5
245;65;herbert;22;villeneuve;6;23;1995-06-11;1995;1964-06-25;21;90.0;13;12.0;77.0;0.837;30;23
213;25;wurz;22;villeneuve;11;14;1997-06-15;1997;1974-02-15;1;81.0;16;24.0;84.0;1.191;23;14
213;55;alesi;22;villeneuve;8;2;1997-06-15;1997;1964-06-11;35;75.0;16;19.0;82.0;0.804;33;2
213;76;magnussen;24;villeneuve;21;22;1997-06-15;1997;1973-07-04;4;77.0;1;0.0;62.0;2.396;23;22
262;79;katayama;25;villeneuve;9;22;1994-06-12;1994;1963-05-29;12;65.0;32;0.0;59.0;1.649;31;22
262;87;blundell;25;villeneuve;13;10;1994-06-12;1994;1966-04-08;12;49.0;32;0.0;51.0;2.401;28;10
245;63;salo;25;villeneuve;15;7;1995-06-11;1995;1966-11-30;5;68.0;34;0.0;51.0;2.996;28;7
245;79;katayama;25;villeneuve;16;16;1995-06-11;1995;1963-05-29;16;56.0;34;0.0;65.0;3.721;32;16
213;50;verstappen;25;villeneuve;14;13;1997-06-15;1997;1972-03-04;12;59.0;37;0.0;64.0;2.007;25;13
213;63;salo;25;villeneuve;17;12;1997-06-15;1997;1966-11-30;13;62.0;37;12.0;66.0;2.241;30;12
262;44;panis;27;villeneuve;19;12;1994-06-12;1994;1966-09-02;4;58.0;26;6.0;65.0;2.772;27;12
262;103;bernard;27;villeneuve;24;13;1994-06-12;1994;1964-08-24;12;69.0;26;0.0;70.0;4.315;29;13
245;44;panis;27;villeneuve;11;4;1995-06-11;1995;1966-09-02;8;51.0;27;0.0;70.0;2.148;28;4
245;84;brundle;27;villeneuve;14;10;1995-06-11;1995;1959-06-01;38;69.0;27;6.0;66.0;2.594;36;10
245;90;moreno;28;villeneuve;23;13;1995-06-11;1995;1959-02-11;19;52.0;1;0.0;51.0;6.339;36;13
262;81;morbidelli;29;villeneuve;11;19;1994-06-12;1994;1968-01-13;13;64.0;4;0.0;65.0;1.811;26;19
262;104;fittipaldi;29;villeneuve;16;16;1994-06-12;1994;1971-01-18;11;57.0;4;0.0;63.0;2.704;23;16
245;81;morbidelli;29;villeneuve;13;6;1995-06-11;1995;1968-01-13;16;63.0;6;0.0;63.0;2.498;27;6
245;89;inoue;29;villeneuve;22;9;1995-06-11;1995;1963-09-05;4;59.0;6;6.0;62.0;5.334;31;9
245;85;montermini;30;villeneuve;21;21;1995-06-11;1995;1964-05-30;4;58.0;1;0.0;54.0;5.233;31;21
245;92;gachot;30;villeneuve;20;17;1995-06-11;1995;1962-12-23;21;59.0;1;0.0;54.0;5.18;32;17
262;65;herbert;32;villeneuve;17;8;1994-06-12;1994;1964-06-25;17;50.0;35;0.0;64.0;2.711;29;8
262;70;zanardi;32;villeneuve;23;15;1994-06-12;1994;1966-10-23;7;66.0;35;0.0;61.0;3.982;27;15
262;100;comas;33;villeneuve;21;21;1994-06-12;1994;1963-09-28;16;59.0;9;0.0;55.0;2.861;30;21
262;106;beretta;33;villeneuve;22;18;1994-06-12;1994;1969-11-23;2;61.0;9;0.0;62.0;3.225;24;18
1016;8;raikkonen;51;villeneuve;16;15;2019-06-09;2019;1979-10-17;80;62.0;10;0.0;63.0;1.99;39;15
1016;841;giovinazzi;51;villeneuve;12;13;2019-06-09;2019;1993-12-14;6;87.0;10;6.0;59.0;1.882;25;13
1082;822;bottas;51;villeneuve;11;7;2022-06-19;2022;1989-08-28;51;59.0;16;6.0;59.0;5.489;32;7
1082;855;zhou;51;villeneuve;10;8;2022-06-19;2022;1999-05-30;5;83.0;16;14.0;66.0;2.731;23;8
1106;822;bottas;51;villeneuve;14;10;2023-06-18;2023;1989-08-28;57;64.0;18;14.0;66.0;3.096;33;10
1106;855;zhou;51;villeneuve;20;16;2023-06-18;2023;1999-05-30;11;71.0;18;27.0;67.0;4.617;24;16
1082;840;stroll;117;villeneuve;17;10;2022-06-19;2022;1998-10-29;31;70.0;2;18.0;69.0;14.233;23;10
1106;4;alonso;117;villeneuve;2;2;2023-06-18;2023;1981-07-29;97;68.0;5;18.0;69.0;1.051;41;2
1106;840;stroll;117;villeneuve;16;9;2023-06-18;2023;1998-10-29;37;74.0;5;55.0;68.0;2.759;24;9
1129;4;alonso;117;villeneuve;6;6;2024-06-09;2024;1981-07-29;100;67.0;7;55.0;68.0;0.486;42;6
1129;840;stroll;117;villeneuve;9;7;2024-06-09;2024;1998-10-29;40;84.0;7;73.0;78.0;0.917;25;7
344;30;michael_schumacher;131;villeneuve;13;11;2010-06-13;2010;1969-01-03;69;79.0;1;0.0;84.0;1.387;41;11
847;3;rosberg;131;villeneuve;6;11;2011-06-12;2011;1985-06-27;27;88.0;3;0.0;84.0;0.8;25;11
847;30;michael_schumacher;131;villeneuve;8;4;2011-06-12;2011;1969-01-03;73;80.0;3;53.0;77.0;0.85;42;4
866;3;rosberg;131;villeneuve;5;6;2012-06-10;2012;1985-06-27;32;74.0;5;53.0;77.0;0.627;26;6
866;30;michael_schumacher;131;villeneuve;9;22;2012-06-10;2012;1969-01-03;79;79.0;5;42.0;75.0;0.696;43;22
886;1;hamilton;131;villeneuve;2;3;2013-06-09;2013;1985-01-07;33;71.0;6;42.0;75.0;1.483;28;3
886;3;rosberg;131;villeneuve;4;5;2013-06-09;2013;1985-06-27;37;81.0;6;35.0;71.0;1.522;27;5
906;1;hamilton;131;villeneuve;2;17;2014-06-08;2014;1985-01-07;38;74.0;8;35.0;71.0;0.079;29;17
906;3;rosberg;131;villeneuve;1;2;2014-06-08;2014;1985-06-27;42;87.0;8;74.0;86.0;0.0;28;2
932;1;hamilton;131;villeneuve;1;1;2015-06-07;2015;1985-01-07;42;84.0;10;74.0;86.0;0.0;30;1
932;3;rosberg;131;villeneuve;2;2;2015-06-07;2015;1985-06-27;47;89.0;10;68.0;90.0;0.28;29;2
954;1;hamilton;131;villeneuve;1;1;2016-06-12;2016;1985-01-07;48;92.0;12;68.0;90.0;0.0;31;1
954;3;rosberg;131;villeneuve;2;5;2016-06-12;2016;1985-06-27;52;94.0;12;84.0;93.0;0.062;30;5
975;1;hamilton;131;villeneuve;1;1;2017-06-11;2017;1985-01-07;53;92.0;14;84.0;93.0;0.0;32;1
975;822;bottas;131;villeneuve;3;2;2017-06-11;2017;1989-08-28;25;90.0;14;90.0;91.0;0.718;27;2
995;1;hamilton;131;villeneuve;4;5;2018-06-10;2018;1985-01-07;58;77.0;15;90.0;91.0;0.232;33;5
995;822;bottas;131;villeneuve;2;2;2018-06-10;2018;1989-08-28;30;92.0;15;90.0;91.0;0.093;28;2
1016;1;hamilton;131;villeneuve;2;1;2019-06-09;2019;1985-01-07;64;91.0;17;90.0;91.0;0.206;34;1
1016;822;bottas;131;villeneuve;6;4;2019-06-09;2019;1989-08-28;36;93.0;17;86.0;90.0;0.855;29;4
1082;1;hamilton;131;villeneuve;4;3;2022-06-19;2022;1985-01-07;79;88.0;23;86.0;90.0;1.592;37;3
1082;847;russell;131;villeneuve;8;4;2022-06-19;2022;1998-02-15;21;92.0;23;73.0;87.0;2.258;24;4
1106;1;hamilton;131;villeneuve;3;3;2023-06-18;2023;1985-01-07;85;65.0;25;73.0;87.0;1.701;38;3
1106;847;russell;131;villeneuve;4;19;2023-06-18;2023;1998-02-15;26;84.0;25;77.0;85.0;1.373;25;19
1129;1;hamilton;131;villeneuve;7;4;2024-06-09;2024;1985-01-07;88;87.0;27;77.0;85.0;0.237;39;4
1129;847;russell;131;villeneuve;1;3;2024-06-09;2024;1998-02-15;29;84.0;27;82.0;83.0;0.0;26;3
344;812;chandhok;164;villeneuve;24;18;2010-06-13;2010;1984-01-19;2;48.0;2;0.0;48.0;12.652;26;18
847;24;liuzzi;164;villeneuve;20;13;2011-06-12;2011;1980-08-06;20;48.0;2;0.0;48.0;5.41;30;13
847;39;karthikeyan;164;villeneuve;22;14;2011-06-12;2011;1977-01-14;7;62.0;2;0.0;48.0;5.56;34;14
866;37;rosa;164;villeneuve;20;23;2012-06-10;2012;1971-02-24;27;60.0;3;0.0;48.0;3.708;41;23
866;39;karthikeyan;164;villeneuve;24;24;2012-06-10;2012;1977-01-14;12;64.0;3;0.0;47.0;4.546;35;24
344;810;grassi;166;villeneuve;23;19;2010-06-13;2010;1984-08-11;5;74.0;2;0.0;49.0;4.57;25;19
847;10;glock;166;villeneuve;21;16;2011-06-12;2011;1982-03-18;19;48.0;2;0.0;49.0;5.523;29;16
847;816;ambrosio;166;villeneuve;23;15;2011-06-12;2011;1985-12-27;5;50.0;2;0.0;49.0;6.4;25;15
344;15;trulli;205;villeneuve;20;21;2010-06-13;2010;1974-07-13;61;72.0;2;0.0;53.0;3.593;35;21
847;5;kovalainen;205;villeneuve;19;23;2011-06-12;2011;1981-10-19;23;75.0;2;0.0;53.0;3.772;29;23
847;15;trulli;205;villeneuve;18;17;2011-06-12;2011;1974-07-13;65;55.0;2;0.0;53.0;3.731;36;17
866;819;pic;206;villeneuve;23;20;2012-06-10;2012;1990-02-15;5;49.0;2;5.0;51.0;4.471;22;20
886;820;chilton;206;villeneuve;20;19;2013-06-09;2013;1991-04-21;5;50.0;2;5.0;51.0;4.744;22;19
886;824;jules_bianchi;206;villeneuve;19;17;2013-06-09;2013;1989-08-03;5;51.0;2;5.0;51.0;4.19;23;17
906;820;chilton;206;villeneuve;18;21;2014-06-08;2014;1991-04-21;9;53.0;3;5.0;51.0;3.474;23;21
906;824;jules_bianchi;206;villeneuve;19;22;2014-06-08;2014;1989-08-03;8;51.0;3;11.0;52.0;3.485;24;22
866;808;petrov;207;villeneuve;18;19;2012-06-10;2012;1984-09-08;15;55.0;2;10.0;55.0;2.698;27;19
886;819;pic;207;villeneuve;18;18;2013-06-09;2013;1990-02-15;10;70.0;2;10.0;55.0;3.308;23;18
886;823;garde;207;villeneuve;21;22;2013-06-09;2013;1985-04-25;5;50.0;2;10.0;55.0;4.792;28;22
906;155;kobayashi;207;villeneuve;21;18;2014-06-08;2014;1986-09-13;19;52.0;3;10.0;55.0;4.404;27;18
906;828;ericsson;207;villeneuve;20;20;2014-06-08;2014;1990-09-02;4;69.0;3;11.0;52.0;4.946;23;20
866;154;grosjean;208;villeneuve;7;2;2012-06-10;2012;1986-04-17;6;80.0;2;60.0;78.0;0.843;26;2
886;8;raikkonen;208;villeneuve;10;9;2013-06-09;2013;1979-10-17;49;58.0;2;60.0;78.0;2.133;33;9
886;154;grosjean;208;villeneuve;22;13;2013-06-09;2013;1986-04-17;11;84.0;2;60.0;78.0;3.398;27;13
906;154;grosjean;208;villeneuve;14;15;2014-06-08;2014;1986-04-17;16;72.0;3;60.0;78.0;1.813;28;15
906;813;maldonado;208;villeneuve;17;19;2014-06-08;2014;1985-03-09;19;77.0;3;63.0;78.0;3.454;29;19
932;154;grosjean;208;villeneuve;5;10;2015-06-07;2015;1986-04-17;21;61.0;5;63.0;78.0;0.794;29;10
932;813;maldonado;208;villeneuve;6;7;2015-06-07;2015;1985-03-09;24;62.0;5;16.0;60.0;0.936;30;7
932;833;merhi;209;villeneuve;16;18;2015-06-07;2015;1991-03-22;3;56.0;2;0.0;57.0;4.74;24;18
954;836;wehrlein;209;villeneuve;17;17;2016-06-12;2016;1994-10-18;5;57.0;2;0.0;57.0;2.787;21;17
954;837;haryanto;209;villeneuve;19;19;2016-06-12;2016;1993-01-22;3;55.0;2;0.0;57.0;4.24;23;19
954;821;gutierrez;210;villeneuve;13;13;2016-06-12;2016;1991-08-05;15;72.0;2;10.0;63.0;1.759;24;13
975;154;grosjean;210;villeneuve;14;10;2017-06-11;2017;1986-04-17;31;59.0;2;10.0;63.0;2.321;31;10
975;825;kevin_magnussen;210;villeneuve;18;12;2017-06-11;2017;1992-10-05;15;64.0;2;10.0;63.0;2.859;24;12
995;825;kevin_magnussen;210;villeneuve;11;13;2018-06-10;2018;1992-10-05;21;68.0;4;15.0;67.0;1.842;25;13
1016;154;grosjean;210;villeneuve;14;14;2019-06-09;2019;1986-04-17;42;66.0;6;15.0;67.0;1.869;33;14
1016;825;kevin_magnussen;210;villeneuve;0;17;2019-06-09;2019;1992-10-05;26;70.0;6;24.0;71.0;1.546;26;17
1082;825;kevin_magnussen;210;villeneuve;5;17;2022-06-19;2022;1992-10-05;36;72.0;11;24.0;71.0;1.661;29;17
1082;854;mick_schumacher;210;villeneuve;6;19;2022-06-19;2022;1999-03-22;11;59.0;11;9.0;55.0;2.057;23;19
1106;807;hulkenberg;210;villeneuve;5;15;2023-06-18;2023;1987-08-19;52;56.0;13;9.0;55.0;1.58;35;15
1106;825;kevin_magnussen;210;villeneuve;13;17;2023-06-18;2023;1992-10-05;42;60.0;13;23.0;65.0;2.953;30;17
1129;807;hulkenberg;210;villeneuve;17;11;2024-06-09;2024;1987-08-19;55;65.0;15;23.0;65.0;2.236;36;11
1129;825;kevin_magnussen;210;villeneuve;14;12;2024-06-09;2024;1992-10-05;45;68.0;15;32.0;65.0;1.174;31;12
1016;840;stroll;211;villeneuve;17;9;2019-06-09;2019;1998-10-29;16;72.0;2;14.0;68.0;2.026;20;9
1082;852;tsunoda;213;villeneuve;20;18;2022-06-19;2022;2000-05-11;11;79.0;3;27.0;74.0;15.276;22;18
1106;852;tsunoda;213;villeneuve;19;14;2023-06-18;2023;2000-05-11;17;68.0;6;27.0;74.0;4.021;23;14
1106;856;de_vries;213;villeneuve;17;18;2023-06-18;2023;1995-02-06;3;65.0;6;23.0;67.0;4.412;28;18
1082;839;ocon;214;villeneuve;7;6;2022-06-19;2022;1996-09-17;28;74.0;2;36.0;73.0;2.23;25;6
1106;839;ocon;214;villeneuve;6;8;2023-06-18;2023;1996-09-17;34;73.0;4;36.0;73.0;1.681;26;8
1106;842;gasly;214;villeneuve;15;12;2023-06-18;2023;1996-02-07;33;75.0;4;50.0;74.0;4.161;27;12
1129;839;ocon;214;villeneuve;18;10;2024-06-09;2024;1996-09-17;37;70.0;6;50.0;74.0;1.693;27;10
1129;842;gasly;214;villeneuve;15;9;2024-06-09;2024;1996-02-07;36;71.0;6;59.0;72.0;1.198;28;9
1129;852;tsunoda;215;villeneuve;8;14;2024-06-09;2024;2000-05-11;20;66.0;1;17.0;68.0;0.561;24;14
